<?xml version="1.0" encoding="UTF-8"?>
<?jaxfront version=2.0;time=2006-10-15 23:09:01.187;xui=file:/C:/Documents%20and%20Settings/Ilya%20Kreymer/My%20Documents/workspace/CaveUI/schema/brandnew.xui;xsd=brandnew.xsd?>
<Story xmlns:xsi="http://www.w3.org/2001/XMLSchema-instance" xsi:noNamespaceSchemaLocation="jar:http://www.cascv.brown.edu/cavewriting/2006/CWEditor/cavewriting.jar!/schema/caveschema.xsd" version="5">
       <Object name="movingtext">
              <Visible>true</Visible>
              <Color>153,153,153</Color>
              <Scale>.25</Scale>
              <Placement>
                     <RelativeTo>LeftWall</RelativeTo>
                     <Position>(0.0, 0.0, 0.0)</Position>
                            <Axis rotation="(0.0, 1.0, 0.0)" angle="180"/>
              </Placement>
              <Content>
                     <Model filename="./models/bathroom2.obj"></Model>
              </Content>
       </Object>
       <Object name="frontlink">
              <Visible>true</Visible>
              <Color>255,255,255</Color>
              <Scale>1.0</Scale>
              <Placement>
                     <RelativeTo>Center</RelativeTo>
                     <Position>(0.0, 0.0, 0.0)</Position>
              </Placement>
              <Content>
                     <Text horiz-align="center" vert-align="center" font="Courier.ttf" depth="0.0">
                            <text>Fly Front</text>
                                   <Link>
                                          <Enabled>true</Enabled>
                                          <RemainEnabled>true</RemainEnabled>
                                          <EnabledColor>0,128,255</EnabledColor>
                                          <SelectedColor>255,0,0</SelectedColor>
                                          <Actions>
                                                 <ObjectChange name="movingtext">
                                                        <Transition duration="1.0">
                                                               <Movement>
                                                                      <Placement>
                                                                             <RelativeTo>FrontWall</RelativeTo>
                                                                             <Position>(0.0, -2.0, 0.0)</Position>
                                                                      </Placement>
                                                               </Movement>
                                                        </Transition>
                                                 </ObjectChange>
                                          </Actions>
                                          <Actions>
                                                 <ObjectChange name="frontlink">
                                                        <Transition duration="1.0">
                                                               <Visible>false</Visible>
                                                        </Transition>
                                                 </ObjectChange>
                                          </Actions>
                                          <Actions>
                                                 <ObjectChange name="rightlink">
                                                        <Transition duration="1.0">
                                                               <Visible>true</Visible>
                                                        </Transition>
                                                 </ObjectChange>
                                          </Actions>
                                          <Actions>
                                                 <ObjectChange name="movingtext">
                                                        <Transition duration="1.0">
                                                               <Color>0,153,153</Color>
                                                        </Transition>
                                                 </ObjectChange>
                                          </Actions>
                                   </Link>
                     </Text>
              </Content>
       </Object>
       <Object name="rightlink">
              <Visible>false</Visible>
              <Color>255,255,255</Color>
              <Scale>1.0</Scale>
              <Placement>
                     <RelativeTo>Center</RelativeTo>
                     <Position>(0.0, 0.0, 0.0)</Position>
              </Placement>
              <Content>
                     <Text horiz-align="center" vert-align="center" font="Courier.ttf" depth="0.0">
                            <text>Fly Right</text>
                                   <Link>
                                          <Enabled>true</Enabled>
                                          <RemainEnabled>true</RemainEnabled>
                                          <EnabledColor>0,128,255</EnabledColor>
                                          <SelectedColor>255,0,0</SelectedColor>
                                          <Actions>
                                                 <ObjectChange name="movingtext">
                                                        <Transition duration="1.0">
                                                               <Movement>
                                                                      <Placement>
                                                                             <RelativeTo>RightWall</RelativeTo>
                                                                             <Position>(0.0, 0.0, 0.0)</Position>
                                                                      </Placement>
                                                               </Movement>
                                                        </Transition>
                                                 </ObjectChange>
                                          </Actions>
                                          <Actions>
                                                 <ObjectChange name="rightlink">
                                                        <Transition duration="1.0">
                                                               <Visible>false</Visible>
                                                        </Transition>
                                                 </ObjectChange>
                                          </Actions>
                                          <Actions>
                                                 <ObjectChange name="floorlink">
                                                        <Transition duration="1.0">
                                                               <Visible>true</Visible>
                                                        </Transition>
                                                 </ObjectChange>
                                          </Actions>
                                          <Actions>
                                                 <ObjectChange name="movingtext">
                                                        <Transition duration="1.0">
                                                               <Color>255,0,102</Color>
                                                        </Transition>
                                                 </ObjectChange>
                                          </Actions>
                                   </Link>
                     </Text>
              </Content>
       </Object>
       <Object name="floorlink">
              <Visible>false</Visible>
              <Color>255,255,255</Color>
              <Scale>1.0</Scale>
              <Placement>
                     <RelativeTo>Center</RelativeTo>
                     <Position>(0.0, 0.0, 0.0)</Position>
              </Placement>
              <Content>
                     <Text horiz-align="center" vert-align="center" font="Courier.ttf" depth="0.0">
                            <text>Fly Floor</text>
                                   <Link>
                                          <Enabled>true</Enabled>
                                          <RemainEnabled>true</RemainEnabled>
                                          <EnabledColor>0,128,255</EnabledColor>
                                          <SelectedColor>255,0,0</SelectedColor>
                                          <Actions>
                                                 <ObjectChange name="movingtext">
                                                        <Transition duration="1.0">
                                                               <Movement>
                                                                      <Placement>
                                                                             <RelativeTo>FloorWall</RelativeTo>
                                                                             <Position>(0.0, 0.0, 0.0)</Position>
                                                                      </Placement>
                                                               </Movement>
                                                        </Transition>
                                                 </ObjectChange>
                                          </Actions>
                                          <Actions>
                                                 <ObjectChange name="floorlink">
                                                        <Transition duration="1.0">
                                                               <Visible>false</Visible>
                                                        </Transition>
                                                 </ObjectChange>
                                          </Actions>
                                          <Actions>
                                                 <ObjectChange name="leftlink">
                                                        <Transition duration="1.0">
                                                               <Visible>true</Visible>
                                                        </Transition>
                                                 </ObjectChange>
                                          </Actions>
                                          <Actions>
                                                 <ObjectChange name="movingtext">
                                                        <Transition duration="1.0">
                                                               <Color>255,255,0</Color>
                                                        </Transition>
                                                 </ObjectChange>
                                          </Actions>
                                   </Link>
                     </Text>
              </Content>
       </Object>
       <Object name="leftlink">
              <Visible>false</Visible>
              <Color>255,255,255</Color>
              <Scale>1.0</Scale>
              <Placement>
                     <RelativeTo>Center</RelativeTo>
                     <Position>(0.0, 0.0, 0.0)</Position>
              </Placement>
              <Content>
                     <Text horiz-align="center" vert-align="center" font="Courier.ttf" depth="0.0">
                            <text>Fly Left</text>
                                   <Link>
                                          <Enabled>true</Enabled>
                                          <RemainEnabled>true</RemainEnabled>
                                          <EnabledColor>0,128,255</EnabledColor>
                                          <SelectedColor>255,0,0</SelectedColor>
                                          <Actions>
                                                 <ObjectChange name="movingtext">
                                                        <Transition duration="1.0">
                                                               <Movement>
                                                                      <Placement>
                                                                             <RelativeTo>LeftWall</RelativeTo>
                                                                             <Position>(0.0, 0.0, 0.0)</Position>
                                                                      </Placement>
                                                               </Movement>
                                                        </Transition>
                                                 </ObjectChange>
                                          </Actions>
                                          <Actions>
                                                 <ObjectChange name="leftlink">
                                                        <Transition duration="1.0">
                                                               <Visible>false</Visible>
                                                        </Transition>
                                                 </ObjectChange>
                                          </Actions>
                                          <Actions>
                                                 <ObjectChange name="frontlink">
                                                        <Transition duration="1.0">
                                                               <Visible>true</Visible>
                                                        </Transition>
                                                 </ObjectChange>
                                          </Actions>
                                          <Actions>
                                                 <ObjectChange name="movingtext">
                                                        <Transition duration="1.0">
                                                               <Color>0,204,51</Color>
                                                        </Transition>
                                                 </ObjectChange>
                                          </Actions>
                                   </Link>
                     </Text>
              </Content>
       </Object>
       <Placement name="Center">
              <RelativeTo>Center</RelativeTo>
              <Position>(0.0, 0.0, 0.0)</Position>
                     <Axis rotation="(0.0, 1.0, 0.0)" angle="0.0"/>
       </Placement>
       <Placement name="FrontWall">
              <RelativeTo>Center</RelativeTo>
              <Position>(0.0, 0.0, -4.0)</Position>
                     <LookAt target="(0.0, 0.0, 0.0)" up="(0.0, 1.0, 0.0)"/>
       </Placement>
       <Placement name="LeftWall">
              <RelativeTo>Center</RelativeTo>
              <Position>(-4.0, 0.0, 0.0)</Position>
                     <LookAt target="(0.0, 0.0, 0.0)" up="(0.0, 1.0, 0.0)"/>
       </Placement>
       <Placement name="RightWall">
              <RelativeTo>Center</RelativeTo>
              <Position>(4.0, 0.0, 0.0)</Position>
                     <LookAt target="(0.0, 0.0, 0.0)" up="(0.0, 1.0, 0.0)"/>
       </Placement>
       <Placement name="FloorWall">
              <RelativeTo>Center</RelativeTo>
              <Position>(0.0, -4.0, 0.0)</Position>
                     <LookAt target="(0.0, 0.0, 0.0)" up="(0.0, 0.0, -1.0)"/>
       </Placement>
       <Global>
              <CameraPos>
                     <Placement>
                            <RelativeTo>Center</RelativeTo>
                            <Position>(0.0, 0.0, 6.0)</Position>
                     </Placement>
              </CameraPos>
       </Global>
</Story>