<?xml version="1.0" encoding="UTF-8"?>
<?jaxfront version=2.0;time=2006-09-28 00:36:01.792;xui=file:/C:/Documents%20and%20Settings/Ilya%20Kreymer/My%20Documents/workspace/CaveUI/schema/brandnew.xui;xsd=brandnew.xsd?>
<Story xmlns:xsi="http://www.w3.org/2001/XMLSchema-instance" xsi:noNamespaceSchemaLocation="jar:file:/Users/cave/Library/Caches/Java/cache/javaws/http/Dwww.cascv.brown.edu/P80/DMcavewriting/DM2006/DMCWEditor/RMcavewriting.jar!/schema/caveschema.xsd" version="4">
       <Object name="1">
              <Visible>true</Visible>
              <Color>255,255,255</Color>
              <Scale>1.0</Scale>
              <SoundRef>./ding.wav</SoundRef>
              <Placement>
                     <RelativeTo>Center</RelativeTo>
                     <Position>(0.0, 0.0, 0.0)</Position>
                            <LookAt target="(0.0, 0.0, -1.0)" up="(0.0, 1.0, 0.0)"/>
              </Placement>
              <Content>
                     <Text horiz-align="center" vert-align="center">
                            <text>Play Sound</text>
                                   <Link>
                                          <Enabled>true</Enabled>
                                          <RemainEnabled>true</RemainEnabled>
                                          <EnabledColor>0,128,255</EnabledColor>
                                          <SelectedColor>255,0,0</SelectedColor>
                                          <Actions>
                                                 <ObjectChange name="1">
                                                        <Transition duration="1.0">
                                                               <Sound action="Play Sound"/>
                                                        </Transition>
                                                 </ObjectChange>
                                          </Actions>
                                   </Link>
                     </Text>
              </Content>
       </Object>
       <Placement name="Center">
              <RelativeTo>Center</RelativeTo>
              <Position>(0.0, 0.0, 0.0)</Position>
                     <Axis rotation="(0.0, 1.0, 0.0)" angle="0.0"/>
       </Placement>
       <Placement name="FrontWall">
              <RelativeTo>Center</RelativeTo>
              <Position>(0.0, 0.0, -4.0)</Position>
                     <LookAt target="(0.0, 0.0, -1.0)" up="(0.0, 1.0, 0.0)"/>
       </Placement>
       <Placement name="LeftWall">
              <RelativeTo>Center</RelativeTo>
              <Position>(-4.0, 0.0, 0.0)</Position>
                     <LookAt target="(0.0, 0.0, -1.0)" up="(0.0, 1.0, 0.0)"/>
       </Placement>
       <Placement name="RightWall">
              <RelativeTo>Center</RelativeTo>
              <Position>(4.0, 0.0, 0.0)</Position>
                     <LookAt target="(0.0, 0.0, -1.0)" up="(0.0, 1.0, 0.0)"/>
       </Placement>
       <Placement name="FloorWall">
              <RelativeTo>Center</RelativeTo>
              <Position>(0.0, -4.0, 0.0)</Position>
                     <LookAt target="(0.0, 0.0, -1.0)" up="(0.0, 0.0, -1.0)"/>
       </Placement>
       <Sound>
              <Repeating>true</Repeating>
              <Doppler>false</Doppler>
              <Filename>./ding.wav</Filename>
       </Sound>
</Story>