<?xml version="1.0" encoding="UTF-8"?>
<?jaxfront version=2.1;time=2006-11-03 02:33:01.681;xui=jar:http://www.cascv.brown.edu/cavewriting/2006/CWEditor/cavewriting.jar!/schema/caveschema.xui;xsd=caveschema.xsd?>
<Story xmlns:xsi="http://www.w3.org/2001/XMLSchema-instance" xsi:noNamespaceSchemaLocation="jar:http://www.cascv.brown.edu/cavewriting/2006/CWEditor/cavewriting.jar!/schema/caveschema.xsd" version="6" last_xpath="/Story/ObjectRoot/Object[6]
">
       <ObjectRoot>
              <Object name="1">
                     <Visible>true</Visible>
                     <Color>255,255,255</Color>
                     <Scale>1.0</Scale>
                     <Placement>
                            <RelativeTo>Center</RelativeTo>
                            <Position>(0.0, 0.0, 0.0)</Position>
                     </Placement>
                     <Content>
                            <Text horiz-align="center" vert-align="center" font="Courier.ttf" depth="10.0">
                                   <text>Move Away</text>
                                          <Link>
                                                 <Enabled>true</Enabled>
                                                 <RemainEnabled>true</RemainEnabled>
                                                 <EnabledColor>153,153,255</EnabledColor>
                                                 <SelectedColor>255,0,0</SelectedColor>
                                                 <Actions>
                                                        <ObjectChange name="1">
                                                               <Transition duration="1.0">
                                                                      <MoveRel>
                                                                             <Placement>
                                                                                    <RelativeTo>Center</RelativeTo>
                                                                                    <Position>(0.0, 0.0, -1.0)</Position>
                                                                             </Placement>
                                                                      </MoveRel>
                                                               </Transition>
                                                        </ObjectChange>
                                                 </Actions>
                                          </Link>
                            </Text>
                     </Content>
              </Object>
              <Object name="2">
                     <Visible>true</Visible>
                     <Color>255,255,255</Color>
                     <Scale>1.0</Scale>
                     <Placement>
                            <RelativeTo>Center</RelativeTo>
                            <Position>(-2.0, 0.0, 0.0)</Position>
                     </Placement>
                     <Content>
                            <Text horiz-align="center" vert-align="center" font="Arial.ttf" depth="15.0">
                                   <text>Rotate</text>
                                          <Link>
                                                 <Enabled>true</Enabled>
                                                 <RemainEnabled>true</RemainEnabled>
                                                 <EnabledColor>102,255,0</EnabledColor>
                                                 <SelectedColor>255,0,0</SelectedColor>
                                                 <Actions>
                                                        <ObjectChange name="2">
                                                               <Transition duration="0.5">
                                                                      <MoveRel>
                                                                             <Placement>
                                                                                    <RelativeTo>Center</RelativeTo>
                                                                                    <Position>(0.0, 0.0, 0.0)</Position>
                                                                                           <Axis rotation="(0.0, 1.0, 0.0)" angle="45.0"/>
                                                                             </Placement>
                                                                      </MoveRel>
                                                               </Transition>
                                                        </ObjectChange>
                                                 </Actions>
                                          </Link>
                            </Text>
                     </Content>
              </Object>
              <Object name="3">
                     <Visible>true</Visible>
                     <Color>255,255,255</Color>
                     <Scale>1.0</Scale>
                     <Placement>
                            <RelativeTo>Center</RelativeTo>
                            <Position>(1.0, -1.0, 2.0)</Position>
                                   <LookAt target="(0.0, 1.0, 3.0)" up="(0.0, 1.0, 0.0)"/>
                     </Placement>
                     <Content>
                            <Text horiz-align="center" vert-align="center" font="Times.ttf" depth="30.0">
                                   <text>Rotate Upwards</text>
                                          <Link>
                                                 <Enabled>true</Enabled>
                                                 <RemainEnabled>true</RemainEnabled>
                                                 <EnabledColor>255,102,153</EnabledColor>
                                                 <SelectedColor>255,0,0</SelectedColor>
                                                 <Actions>
                                                        <ObjectChange name="3">
                                                               <Transition duration="1.0">
                                                                      <MoveRel>
                                                                             <Placement>
                                                                                    <RelativeTo>Center</RelativeTo>
                                                                                    <Position>(0.0, 0.0, 0.0)</Position>
                                                                                           <LookAt target="(4.0, 1.0, 2.0)" up="(0.0, 1.0, 1.0)"/>
                                                                             </Placement>
                                                                      </MoveRel>
                                                               </Transition>
                                                        </ObjectChange>
                                                 </Actions>
                                          </Link>
                            </Text>
                     </Content>
              </Object>
              <Object name="4">
                     <Visible>true</Visible>
                     <Color>255,255,255</Color>
                     <Scale>1.0</Scale>
                     <Placement>
                            <RelativeTo>Center</RelativeTo>
                            <Position>(0.0, 1.5, 2.0)</Position>
                     </Placement>
                     <Content>
                            <Text horiz-align="center" vert-align="center" font="Lucida.ttf" depth="10.0">
                                   <text>Back and Forth</text>
                                          <Link>
                                                 <Enabled>true</Enabled>
                                                 <RemainEnabled>true</RemainEnabled>
                                                 <EnabledColor>0,128,255</EnabledColor>
                                                 <SelectedColor>255,0,0</SelectedColor>
                                                 <Actions>
                                                        <ObjectChange name="4">
                                                               <Transition duration="2.0">
                                                                      <MoveRel>
                                                                             <Placement>
                                                                                    <RelativeTo>Center</RelativeTo>
                                                                                    <Position>(0.0, 0.0, 2.0)</Position>
                                                                                           <LookAt target="(0.0, 0.0, 1.0)" up="(0.0, 1.0, 0.0)"/>
                                                                             </Placement>
                                                                      </MoveRel>
                                                               </Transition>
                                                        </ObjectChange>
                                                 </Actions>
                                          </Link>
                            </Text>
                     </Content>
              </Object>
              <Object name="5">
                     <Visible>true</Visible>
                     <Color>255,255,255</Color>
                     <Scale>1.0</Scale>
                     <Placement>
                            <RelativeTo>Center</RelativeTo>
                            <Position>(-1.0, 0.0, 3.0)</Position>
                                   <LookAt target="(0.0, 0.0, 6.0)" up="(0.0, 1.0, 0.0)"/>
                     </Placement>
                     <Content>
                            <Text horiz-align="center" vert-align="center" font="Century.ttf" depth="10.0">
                                   <text>Rotate Cave</text>
                                          <Link>
                                                 <Enabled>true</Enabled>
                                                 <RemainEnabled>true</RemainEnabled>
                                                 <EnabledColor>204,204,0</EnabledColor>
                                                 <SelectedColor>255,0,0</SelectedColor>
                                                 <Actions>
                                                        <MoveCave duration="3.0">
                                                                      <Relative/>
                                                               <Placement>
                                                                      <RelativeTo>Center</RelativeTo>
                                                                      <Position>(0.0, -1.0, 1.0)</Position>
                                                                             <Axis rotation="(0.0, 1.0, 1.0)" angle="60.0"/>
                                                               </Placement>
                                                        </MoveCave>
                                                 </Actions>
                                          </Link>
                            </Text>
                     </Content>
              </Object>
              <Object name="6">
                     <Visible>true</Visible>
                     <Color>255,255,255</Color>
                     <Scale>2.0</Scale>
                     <Placement>
                            <RelativeTo>Center</RelativeTo>
                            <Position>(2.0, 2.0, 2.0)</Position>
                     </Placement>
                     <Content>
                            <Text horiz-align="center" vert-align="center" font="MiniH24.ttf" depth="0.0">
                                   <text>Restart</text>
                                          <Link>
                                                 <Enabled>true</Enabled>
                                                 <RemainEnabled>true</RemainEnabled>
                                                 <EnabledColor>255,255,255</EnabledColor>
                                                 <SelectedColor>255,0,0</SelectedColor>
                                                 <Actions>
                                                        <Restart/>
                                                 </Actions>
                                          </Link>
                            </Text>
                     </Content>
              </Object>
       </ObjectRoot>
       <PlacementRoot>
              <Placement name="Center">
                     <RelativeTo>Center</RelativeTo>
                     <Position>(0.0, 0.0, 0.0)</Position>
                            <Axis rotation="(0.0, 1.0, 0.0)" angle="0.0"/>
              </Placement>
              <Placement name="FrontWall">
                     <RelativeTo>Center</RelativeTo>
                     <Position>(0.0, 0.0, -4.0)</Position>
                            <LookAt target="(0.0, 0.0, 0.0)" up="(0.0, 1.0, 0.0)"/>
              </Placement>
              <Placement name="LeftWall">
                     <RelativeTo>Center</RelativeTo>
                     <Position>(-4.0, 0.0, 0.0)</Position>
                            <LookAt target="(0.0, 0.0, 0.0)" up="(0.0, 1.0, 0.0)"/>
              </Placement>
              <Placement name="RightWall">
                     <RelativeTo>Center</RelativeTo>
                     <Position>(4.0, 0.0, 0.0)</Position>
                            <LookAt target="(0.0, 0.0, 0.0)" up="(0.0, 1.0, 0.0)"/>
              </Placement>
              <Placement name="FloorWall">
                     <RelativeTo>Center</RelativeTo>
                     <Position>(0.0, -4.0, 0.0)</Position>
                            <LookAt target="(0.0, 0.0, 0.0)" up="(0.0, 0.0, -1.0)"/>
              </Placement>
       </PlacementRoot>
       <Global>
              <CameraPos>
                     <Placement>
                            <RelativeTo>Center</RelativeTo>
                            <Position>(0.0, 1.0, 6.0)</Position>
                     </Placement>
              </CameraPos>
              <Background color="0, 0, 0"/>
       </Global>
</Story>