<?xml version="1.0" encoding="UTF-8"?>
<?jaxfront version=2.1;time=2014-08-13 18:55:29.89;xui=jar:file:/Users/cave/Library/Caches/Java/cache/javaws/http/Dwww.cascv.brown.edu/P80/DMcavewriting/DM2006/DMCWEditor/RMcavewriting.jar!/schema/caveschema.xui;xsd=caveschema.xsd?>
<Story version="8" last_xpath="/Story/ObjectRoot/Object[13]
">
       <ObjectRoot>
              <Object name="A">
                     <Visible>true</Visible>
                     <Color>255,255,255</Color>
                     <Lighting>false</Lighting>
                     <ClickThrough>false</ClickThrough>
                     <AroundSelfAxis>false</AroundSelfAxis>
                     <Scale>10.0</Scale>
                     <SoundRef>A</SoundRef>
                     <Placement>
                            <RelativeTo>Center</RelativeTo>
                            <Position>(-6.0, 1.0, 6.0)</Position>
                     </Placement>
                     <Content>
                            <Text horiz-align="center" vert-align="center" font="Courier.ttf" depth="5">
                                   <text>1</text>
                            </Text>
                     </Content>
                     <LinkRoot>
                            <Link>
                                   <Enabled>true</Enabled>
                                   <RemainEnabled>true</RemainEnabled>
                                   <EnabledColor>0,255,51</EnabledColor>
                                   <SelectedColor>255,0,0</SelectedColor>
                                   <Actions>
                                                 <ObjectChange name="A">
                                                        <Transition duration="1.0">
                                                               <Sound action="Play Sound"/>
                                                        </Transition>
                                                 </ObjectChange>
                                          <Clicks>
                                                 <Any/>
                                          </Clicks>
                                   </Actions>
                            </Link>
                     </LinkRoot>
              </Object>
              <Object name="B">
                     <Visible>true</Visible>
                     <Color>255,255,255</Color>
                     <Lighting>false</Lighting>
                     <ClickThrough>false</ClickThrough>
                     <AroundSelfAxis>false</AroundSelfAxis>
                     <Scale>10.0</Scale>
                     <SoundRef>B</SoundRef>
                     <Placement>
                            <RelativeTo>Center</RelativeTo>
                            <Position>(-6, 1.0, -6.0)</Position>
                     </Placement>
                     <Content>
                            <Text horiz-align="center" vert-align="center" font="Courier.ttf" depth="5">
                                   <text>2</text>
                            </Text>
                     </Content>
                     <LinkRoot>
                            <Link>
                                   <Enabled>true</Enabled>
                                   <RemainEnabled>true</RemainEnabled>
                                   <EnabledColor>0,255,51</EnabledColor>
                                   <SelectedColor>255,0,0</SelectedColor>
                                   <Actions>
                                                 <ObjectChange name="B">
                                                        <Transition duration="1.0">
                                                               <Sound action="Play Sound"/>
                                                        </Transition>
                                                 </ObjectChange>
                                          <Clicks>
                                                 <Any/>
                                          </Clicks>
                                   </Actions>
                            </Link>
                     </LinkRoot>
              </Object>
              <Object name="C">
                     <Visible>true</Visible>
                     <Color>255,255,255</Color>
                     <Lighting>false</Lighting>
                     <ClickThrough>false</ClickThrough>
                     <AroundSelfAxis>false</AroundSelfAxis>
                     <Scale>10.0</Scale>
                     <SoundRef>C</SoundRef>
                     <Placement>
                            <RelativeTo>Center</RelativeTo>
                            <Position>(6.0, 1.0, -6.0)</Position>
                     </Placement>
                     <Content>
                            <Text horiz-align="center" vert-align="center" font="Courier.ttf" depth="5">
                                   <text>3</text>
                            </Text>
                     </Content>
                     <LinkRoot>
                            <Link>
                                   <Enabled>true</Enabled>
                                   <RemainEnabled>true</RemainEnabled>
                                   <EnabledColor>0,255,51</EnabledColor>
                                   <SelectedColor>255,0,0</SelectedColor>
                                   <Actions>
                                                 <ObjectChange name="3">
                                                        <Transition duration="1.0">
                                                               <Sound action="Play Sound"/>
                                                        </Transition>
                                                 </ObjectChange>
                                          <Clicks>
                                                 <Any/>
                                          </Clicks>
                                   </Actions>
                            </Link>
                     </LinkRoot>
              </Object>
              <Object name="D">
                     <Visible>true</Visible>
                     <Color>255,255,255</Color>
                     <Lighting>false</Lighting>
                     <ClickThrough>false</ClickThrough>
                     <AroundSelfAxis>false</AroundSelfAxis>
                     <Scale>10.0</Scale>
                     <SoundRef>D</SoundRef>
                     <Placement>
                            <RelativeTo>Center</RelativeTo>
                            <Position>(6.0, 1.0, 6.0)</Position>
                     </Placement>
                     <Content>
                            <Text horiz-align="center" vert-align="center" font="Courier.ttf" depth="5">
                                   <text>4</text>
                            </Text>
                     </Content>
                     <LinkRoot>
                            <Link>
                                   <Enabled>true</Enabled>
                                   <RemainEnabled>true</RemainEnabled>
                                   <EnabledColor>0,255,51</EnabledColor>
                                   <SelectedColor>255,0,0</SelectedColor>
                                   <Actions>
                                                 <ObjectChange name="D">
                                                        <Transition duration="1.0">
                                                               <Sound action="Play Sound"/>
                                                        </Transition>
                                                 </ObjectChange>
                                          <Clicks>
                                                 <Any/>
                                          </Clicks>
                                   </Actions>
                            </Link>
                     </LinkRoot>
              </Object>
              <Object name="E">
                     <Visible>true</Visible>
                     <Color>255,255,255</Color>
                     <Lighting>false</Lighting>
                     <ClickThrough>false</ClickThrough>
                     <AroundSelfAxis>false</AroundSelfAxis>
                     <Scale>10.0</Scale>
                     <SoundRef>E</SoundRef>
                     <Placement>
                            <RelativeTo>Center</RelativeTo>
                            <Position>(0.0, 1.0, 0.0)</Position>
                     </Placement>
                     <Content>
                            <Text horiz-align="center" vert-align="center" font="Courier.ttf" depth="5">
                                   <text>5</text>
                            </Text>
                     </Content>
                     <LinkRoot>
                            <Link>
                                   <Enabled>true</Enabled>
                                   <RemainEnabled>true</RemainEnabled>
                                   <EnabledColor>0,255,51</EnabledColor>
                                   <SelectedColor>255,0,0</SelectedColor>
                                   <Actions>
                                                 <ObjectChange name="E">
                                                        <Transition duration="1.0">
                                                               <Sound action="Play Sound"/>
                                                        </Transition>
                                                 </ObjectChange>
                                          <Clicks>
                                                 <Any/>
                                          </Clicks>
                                   </Actions>
                            </Link>
                     </LinkRoot>
              </Object>
              <Object name="play">
                     <Visible>true</Visible>
                     <Color>255,255,255</Color>
                     <Lighting>false</Lighting>
                     <ClickThrough>false</ClickThrough>
                     <AroundSelfAxis>false</AroundSelfAxis>
                     <Scale>1.0</Scale>
                     <Placement>
                            <RelativeTo>Center</RelativeTo>
                            <Position>(0.0, -1.0, 0.0)</Position>
                     </Placement>
                     <Content>
                            <Text horiz-align="center" vert-align="center" font="Arial.ttf" depth="0.0">
                                   <text>Play Melody</text>
                            </Text>
                     </Content>
                     <LinkRoot>
                            <Link>
                                   <Enabled>true</Enabled>
                                   <RemainEnabled>true</RemainEnabled>
                                   <EnabledColor>0,128,255</EnabledColor>
                                   <SelectedColor>255,0,0</SelectedColor>
                                   <Actions>
                                                 <TimerChange name="melody">
                                                        <start/>
                                                 </TimerChange>
                                          <Clicks>
                                                 <Any/>
                                          </Clicks>
                                   </Actions>
                                   <Actions>
                                                 <ObjectChange name="play">
                                                        <Transition duration="0.1">
                                                               <Visible>false</Visible>
                                                        </Transition>
                                                 </ObjectChange>
                                          <Clicks>
                                                 <Any/>
                                          </Clicks>
                                   </Actions>
                                   <Actions>
                                                 <ObjectChange name="stop">
                                                        <Transition duration="0.1">
                                                               <Visible>true</Visible>
                                                        </Transition>
                                                 </ObjectChange>
                                          <Clicks>
                                                 <Any/>
                                          </Clicks>
                                   </Actions>
                            </Link>
                     </LinkRoot>
              </Object>
              <Object name="stop">
                     <Visible>false</Visible>
                     <Color>255,255,255</Color>
                     <Lighting>false</Lighting>
                     <ClickThrough>false</ClickThrough>
                     <AroundSelfAxis>false</AroundSelfAxis>
                     <Scale>1.0</Scale>
                     <Placement>
                            <RelativeTo>Center</RelativeTo>
                            <Position>(0.0, -1.0, 0.0)</Position>
                     </Placement>
                     <Content>
                            <Text horiz-align="center" vert-align="center" font="Arial.ttf" depth="0.0">
                                   <text>Stop Melody</text>
                            </Text>
                     </Content>
                     <LinkRoot>
                            <Link>
                                   <Enabled>true</Enabled>
                                   <RemainEnabled>true</RemainEnabled>
                                   <EnabledColor>0,128,255</EnabledColor>
                                   <SelectedColor>255,0,0</SelectedColor>
                                   <Actions>
                                                 <TimerChange name="melody">
                                                        <stop/>
                                                 </TimerChange>
                                          <Clicks>
                                                 <Any/>
                                          </Clicks>
                                   </Actions>
                                   <Actions>
                                                 <ObjectChange name="play">
                                                        <Transition duration="0.1">
                                                               <Visible>true</Visible>
                                                        </Transition>
                                                 </ObjectChange>
                                          <Clicks>
                                                 <Any/>
                                          </Clicks>
                                   </Actions>
                                   <Actions>
                                                 <ObjectChange name="stop">
                                                        <Transition duration="0.1">
                                                               <Visible>false</Visible>
                                                        </Transition>
                                                 </ObjectChange>
                                          <Clicks>
                                                 <Any/>
                                          </Clicks>
                                   </Actions>
                            </Link>
                     </LinkRoot>
              </Object>
              <Object name="play_random">
                     <Visible>true</Visible>
                     <Color>255,255,255</Color>
                     <Lighting>false</Lighting>
                     <ClickThrough>false</ClickThrough>
                     <AroundSelfAxis>false</AroundSelfAxis>
                     <Scale>1.0</Scale>
                     <Placement>
                            <RelativeTo>Center</RelativeTo>
                            <Position>(0.0, -1.5, 0.0)</Position>
                     </Placement>
                     <Content>
                            <Text horiz-align="center" vert-align="center" font="Arial.ttf" depth="0.0">
                                   <text>Play Random</text>
                            </Text>
                     </Content>
                     <LinkRoot>
                            <Link>
                                   <Enabled>true</Enabled>
                                   <RemainEnabled>true</RemainEnabled>
                                   <EnabledColor>0,128,255</EnabledColor>
                                   <SelectedColor>255,0,0</SelectedColor>
                                   <Actions>
                                                 <TimerChange name="random">
                                                        <start/>
                                                 </TimerChange>
                                          <Clicks>
                                                 <Any/>
                                          </Clicks>
                                   </Actions>
                                   <Actions>
                                                 <ObjectChange name="play_random">
                                                        <Transition duration="0.1">
                                                               <Visible>false</Visible>
                                                        </Transition>
                                                 </ObjectChange>
                                          <Clicks>
                                                 <Any/>
                                          </Clicks>
                                   </Actions>
                                   <Actions>
                                                 <ObjectChange name="stop_random">
                                                        <Transition duration="0.1">
                                                               <Visible>true</Visible>
                                                        </Transition>
                                                 </ObjectChange>
                                          <Clicks>
                                                 <Any/>
                                          </Clicks>
                                   </Actions>
                            </Link>
                     </LinkRoot>
              </Object>
              <Object name="stop_random">
                     <Visible>false</Visible>
                     <Color>255,255,255</Color>
                     <Lighting>false</Lighting>
                     <ClickThrough>false</ClickThrough>
                     <AroundSelfAxis>false</AroundSelfAxis>
                     <Scale>1.0</Scale>
                     <Placement>
                            <RelativeTo>Center</RelativeTo>
                            <Position>(0.0, -1.5, 0.0)</Position>
                     </Placement>
                     <Content>
                            <Text horiz-align="center" vert-align="center" font="Arial.ttf" depth="0.0">
                                   <text>Stop Random</text>
                            </Text>
                     </Content>
                     <LinkRoot>
                            <Link>
                                   <Enabled>true</Enabled>
                                   <RemainEnabled>true</RemainEnabled>
                                   <EnabledColor>0,128,255</EnabledColor>
                                   <SelectedColor>255,0,0</SelectedColor>
                                   <Actions>
                                                 <TimerChange name="random">
                                                        <stop/>
                                                 </TimerChange>
                                          <Clicks>
                                                 <Any/>
                                          </Clicks>
                                   </Actions>
                                   <Actions>
                                                 <ObjectChange name="play_random">
                                                        <Transition duration="0.1">
                                                               <Visible>true</Visible>
                                                        </Transition>
                                                 </ObjectChange>
                                          <Clicks>
                                                 <Any/>
                                          </Clicks>
                                   </Actions>
                                   <Actions>
                                                 <ObjectChange name="stop_random">
                                                        <Transition duration="0.1">
                                                               <Visible>false</Visible>
                                                        </Transition>
                                                 </ObjectChange>
                                          <Clicks>
                                                 <Any/>
                                          </Clicks>
                                   </Actions>
                            </Link>
                     </LinkRoot>
              </Object>
              <Object name="fly">
                     <Visible>true</Visible>
                     <Color>255,255,255</Color>
                     <Lighting>false</Lighting>
                     <ClickThrough>false</ClickThrough>
                     <AroundSelfAxis>false</AroundSelfAxis>
                     <Scale>1.0</Scale>
                     <Placement>
                            <RelativeTo>Center</RelativeTo>
                            <Position>(0.0, -2, 0.0)</Position>
                     </Placement>
                     <Content>
                            <Text horiz-align="center" vert-align="center" font="Arial.ttf" depth="0.0">
                                   <text>Fly</text>
                            </Text>
                     </Content>
                     <LinkRoot>
                            <Link>
                                   <Enabled>true</Enabled>
                                   <RemainEnabled>true</RemainEnabled>
                                   <EnabledColor>0,128,255</EnabledColor>
                                   <SelectedColor>255,0,0</SelectedColor>
                                   <Actions>
                                                 <TimerChange name="fly">
                                                        <start/>
                                                 </TimerChange>
                                          <Clicks>
                                                 <Any/>
                                          </Clicks>
                                   </Actions>
                            </Link>
                     </LinkRoot>
              </Object>
              <Object name="fly_stop">
                     <Visible>true</Visible>
                     <Color>255,255,255</Color>
                     <Lighting>false</Lighting>
                     <ClickThrough>false</ClickThrough>
                     <AroundSelfAxis>false</AroundSelfAxis>
                     <Scale>1.0</Scale>
                     <Placement>
                            <RelativeTo>Center</RelativeTo>
                            <Position>(0.0, -2.5, 0.0)</Position>
                     </Placement>
                     <Content>
                            <Text horiz-align="center" vert-align="center" font="Arial.ttf" depth="0.0">
                                   <text>Return</text>
                            </Text>
                     </Content>
                     <LinkRoot>
                            <Link>
                                   <Enabled>true</Enabled>
                                   <RemainEnabled>true</RemainEnabled>
                                   <EnabledColor>0,128,255</EnabledColor>
                                   <SelectedColor>255,0,0</SelectedColor>
                                   <Actions>
                                                 <TimerChange name="reset_pos">
                                                        <start/>
                                                 </TimerChange>
                                          <Clicks>
                                                 <Any/>
                                          </Clicks>
                                   </Actions>
                            </Link>
                     </LinkRoot>
              </Object>
              <Object name="light">
                     <Visible>true</Visible>
                     <Color>255,255,255</Color>
                     <Lighting>false</Lighting>
                     <ClickThrough>false</ClickThrough>
                     <AroundSelfAxis>false</AroundSelfAxis>
                     <Scale>1.0</Scale>
                     <Placement>
                            <RelativeTo>Center</RelativeTo>
                            <Position>(0.0, 1.0, 30.0)</Position>
                     </Placement>
                     <Content>
                            <Light diffuse="true" specular="true" const_atten="1.0" lin_atten="0.0" quad_atten="0.0">
                                   <Point/>
                            </Light>
                     </Content>
              </Object>
              <Object name="send_far">
                     <Visible>true</Visible>
                     <Color>255,255,255</Color>
                     <Lighting>false</Lighting>
                     <ClickThrough>false</ClickThrough>
                     <AroundSelfAxis>false</AroundSelfAxis>
                     <Scale>1.0</Scale>
                     <Placement>
                            <RelativeTo>Center</RelativeTo>
                            <Position>(0.0, -0.5, 0.0)</Position>
                     </Placement>
                     <Content>
                            <Text horiz-align="center" vert-align="center" font="Arial.ttf" depth="0.0">
                                   <text>Send Farther</text>
                            </Text>
                     </Content>
                     <LinkRoot>
                            <Link>
                                   <Enabled>true</Enabled>
                                   <RemainEnabled>true</RemainEnabled>
                                   <EnabledColor>0,128,255</EnabledColor>
                                   <SelectedColor>255,0,0</SelectedColor>
                                   <Actions>
                                                 <TimerChange name="send_further">
                                                        <start/>
                                                 </TimerChange>
                                          <Clicks>
                                                 <Any/>
                                          </Clicks>
                                   </Actions>
                            </Link>
                     </LinkRoot>
              </Object>
       </ObjectRoot>
       <GroupRoot>
              <Group name="all_notes">
                            <Objects name="A"/>
                            <Objects name="B"/>
                            <Objects name="C"/>
                            <Objects name="D"/>
                            <Objects name="E"/>
              </Group>
       </GroupRoot>
       <TimelineRoot>
              <Timeline name="A" start-immediately="false">
                     <TimedActions seconds-time="0.0">
                            <ObjectChange name="A">
                                   <Transition duration="0.49">
                                          <MoveRel>
                                                 <Placement>
                                                        <RelativeTo>Center</RelativeTo>
                                                        <Position>(0.0, 0.0, 0.0)</Position>
                                                               <Axis rotation="(0.5, 1.0, 1.0)" angle="10.0"/>
                                                 </Placement>
                                          </MoveRel>
                                   </Transition>
                            </ObjectChange>
                     </TimedActions>
                     <TimedActions seconds-time="0.5">
                            <TimerChange name="A">
                                   <start/>
                            </TimerChange>
                     </TimedActions>
              </Timeline>
              <Timeline name="random" start-immediately="false">
                     <TimedActions seconds-time="0.0">
                            <GroupRef name="all_notes" random="Select One Randomly">
                                   <Transition duration="0.25">
                                          <LinkChange>
                                                 <activate/>
                                          </LinkChange>
                                   </Transition>
                            </GroupRef>
                     </TimedActions>
                     <TimedActions seconds-time="0.5">
                            <TimerChange name="random">
                                   <start/>
                            </TimerChange>
                     </TimedActions>
              </Timeline>
              <Timeline name="melody" start-immediately="false">
                     <TimedActions seconds-time="0.0">
                            <ObjectChange name="A">
                                   <Transition duration="0.5">
                                          <LinkChange>
                                                 <activate/>
                                          </LinkChange>
                                   </Transition>
                            </ObjectChange>
                     </TimedActions>
                     <TimedActions seconds-time="0.5">
                            <ObjectChange name="C">
                                   <Transition duration="0.5">
                                          <LinkChange>
                                                 <activate/>
                                          </LinkChange>
                                   </Transition>
                            </ObjectChange>
                     </TimedActions>
                     <TimedActions seconds-time="1.0">
                            <ObjectChange name="E">
                                   <Transition duration="0.5">
                                          <LinkChange>
                                                 <activate/>
                                          </LinkChange>
                                   </Transition>
                            </ObjectChange>
                     </TimedActions>
                     <TimedActions seconds-time="1.5">
                            <ObjectChange name="C">
                                   <Transition duration="0.5">
                                          <LinkChange>
                                                 <activate/>
                                          </LinkChange>
                                   </Transition>
                            </ObjectChange>
                     </TimedActions>
                     <TimedActions seconds-time="2.0">
                            <ObjectChange name="D">
                                   <Transition duration="1">
                                          <LinkChange>
                                                 <activate/>
                                          </LinkChange>
                                   </Transition>
                            </ObjectChange>
                     </TimedActions>
                     <TimedActions seconds-time="3.0">
                            <ObjectChange name="C">
                                   <Transition duration="0.5">
                                          <LinkChange>
                                                 <activate/>
                                          </LinkChange>
                                   </Transition>
                            </ObjectChange>
                     </TimedActions>
                     <TimedActions seconds-time="3.5">
                            <ObjectChange name="B">
                                   <Transition duration="0.5">
                                          <LinkChange>
                                                 <activate/>
                                          </LinkChange>
                                   </Transition>
                            </ObjectChange>
                     </TimedActions>
                     <TimedActions seconds-time="4.0">
                            <ObjectChange name="E">
                                   <Transition duration="1.0">
                                          <LinkChange>
                                                 <activate/>
                                          </LinkChange>
                                   </Transition>
                            </ObjectChange>
                     </TimedActions>
                     <TimedActions seconds-time="5.0">
                            <ObjectChange name="D">
                                   <Transition duration="1.0">
                                          <LinkChange>
                                                 <activate/>
                                          </LinkChange>
                                   </Transition>
                            </ObjectChange>
                     </TimedActions>
                     <TimedActions seconds-time="6.0">
                            <ObjectChange name="A">
                                   <Transition duration="1.0">
                                          <LinkChange>
                                                 <activate/>
                                          </LinkChange>
                                   </Transition>
                            </ObjectChange>
                     </TimedActions>
                     <TimedActions seconds-time="8.0">
                            <TimerChange name="melody">
                                   <start/>
                            </TimerChange>
                     </TimedActions>
              </Timeline>
              <Timeline name="B" start-immediately="false">
                     <TimedActions seconds-time="0.0">
                            <ObjectChange name="B">
                                   <Transition duration="0.49">
                                          <MoveRel>
                                                 <Placement>
                                                        <RelativeTo>Center</RelativeTo>
                                                        <Position>(0.0, 0.0, 0.0)</Position>
                                                               <Axis rotation="(1.0, 0.5, 1.0)" angle="-10.0"/>
                                                 </Placement>
                                          </MoveRel>
                                   </Transition>
                            </ObjectChange>
                     </TimedActions>
                     <TimedActions seconds-time="0.5">
                            <TimerChange name="B">
                                   <start/>
                            </TimerChange>
                     </TimedActions>
              </Timeline>
              <Timeline name="C" start-immediately="false">
                     <TimedActions seconds-time="0.0">
                            <ObjectChange name="C">
                                   <Transition duration="0.49">
                                          <MoveRel>
                                                 <Placement>
                                                        <RelativeTo>Center</RelativeTo>
                                                        <Position>(0.0, 0.0, 0.2)</Position>
                                                               <Axis rotation="(1.0, 0, 0)" angle="10.0"/>
                                                 </Placement>
                                          </MoveRel>
                                   </Transition>
                            </ObjectChange>
                     </TimedActions>
                     <TimedActions seconds-time="0.5">
                            <TimerChange name="C">
                                   <start/>
                            </TimerChange>
                     </TimedActions>
              </Timeline>
              <Timeline name="fly" start-immediately="false">
                     <TimedActions seconds-time="0.0">
                            <TimerChange name="A">
                                   <start/>
                            </TimerChange>
                     </TimedActions>
                     <TimedActions seconds-time="0.0">
                            <TimerChange name="B">
                                   <start/>
                            </TimerChange>
                     </TimedActions>
                     <TimedActions seconds-time="0.0">
                            <TimerChange name="C">
                                   <start/>
                            </TimerChange>
                     </TimedActions>
                     <TimedActions seconds-time="0.0">
                            <TimerChange name="D">
                                   <start/>
                            </TimerChange>
                     </TimedActions>
                     <TimedActions seconds-time="0.0">
                            <TimerChange name="E">
                                   <start/>
                            </TimerChange>
                     </TimedActions>
              </Timeline>
              <Timeline name="D" start-immediately="false">
                     <TimedActions seconds-time="0.0">
                            <ObjectChange name="D">
                                   <Transition duration="0.49">
                                          <MoveRel>
                                                 <Placement>
                                                        <RelativeTo>Center</RelativeTo>
                                                        <Position>(0.0, 0.0, 0.0)</Position>
                                                               <Axis rotation="(0.0, 0.5, -1.0)" angle="-10.0"/>
                                                 </Placement>
                                          </MoveRel>
                                   </Transition>
                            </ObjectChange>
                     </TimedActions>
                     <TimedActions seconds-time="0.5">
                            <TimerChange name="D">
                                   <start/>
                            </TimerChange>
                     </TimedActions>
              </Timeline>
              <Timeline name="reset_pos" start-immediately="false">
                     <TimedActions seconds-time="0.0">
                            <TimerChange name="A">
                                   <stop/>
                            </TimerChange>
                     </TimedActions>
                     <TimedActions seconds-time="0.0">
                            <TimerChange name="B">
                                   <stop/>
                            </TimerChange>
                     </TimedActions>
                     <TimedActions seconds-time="0.0">
                            <TimerChange name="C">
                                   <stop/>
                            </TimerChange>
                     </TimedActions>
                     <TimedActions seconds-time="0.0">
                            <TimerChange name="D">
                                   <stop/>
                            </TimerChange>
                     </TimedActions>
                     <TimedActions seconds-time="0.0">
                            <TimerChange name="E">
                                   <stop/>
                            </TimerChange>
                     </TimedActions>
                     <TimedActions seconds-time="0.0">
                            <ObjectChange name="A">
                                   <Transition duration="1.0">
                                          <Movement>
                                                 <Placement>
                                                        <RelativeTo>Center</RelativeTo>
                                                        <Position>(-6.0, 1.0, 6.0)</Position>
                                                 </Placement>
                                          </Movement>
                                   </Transition>
                            </ObjectChange>
                     </TimedActions>
                     <TimedActions seconds-time="0.0">
                            <ObjectChange name="B">
                                   <Transition duration="1.0">
                                          <Movement>
                                                 <Placement>
                                                        <RelativeTo>Center</RelativeTo>
                                                        <Position>(-6.0, 1.0, -6.0)</Position>
                                                 </Placement>
                                          </Movement>
                                   </Transition>
                            </ObjectChange>
                     </TimedActions>
                     <TimedActions seconds-time="0.0">
                            <ObjectChange name="C">
                                   <Transition duration="1.0">
                                          <Movement>
                                                 <Placement>
                                                        <RelativeTo>Center</RelativeTo>
                                                        <Position>(6.0, 1.0, -6.0)</Position>
                                                 </Placement>
                                          </Movement>
                                   </Transition>
                            </ObjectChange>
                     </TimedActions>
                     <TimedActions seconds-time="0.0">
                            <ObjectChange name="D">
                                   <Transition duration="1.0">
                                          <Movement>
                                                 <Placement>
                                                        <RelativeTo>Center</RelativeTo>
                                                        <Position>(6.0, 1.0, 6.0)</Position>
                                                 </Placement>
                                          </Movement>
                                   </Transition>
                            </ObjectChange>
                     </TimedActions>
                     <TimedActions seconds-time="0.0">
                            <ObjectChange name="E">
                                   <Transition duration="1.0">
                                          <Movement>
                                                 <Placement>
                                                        <RelativeTo>Center</RelativeTo>
                                                        <Position>(0.0, 1.0, 0.0)</Position>
                                                 </Placement>
                                          </Movement>
                                   </Transition>
                            </ObjectChange>
                     </TimedActions>
              </Timeline>
              <Timeline name="E" start-immediately="false">
                     <TimedActions seconds-time="0.0">
                            <ObjectChange name="E">
                                   <Transition duration="0.49">
                                          <MoveRel>
                                                 <Placement>
                                                        <RelativeTo>Center</RelativeTo>
                                                        <Position>(0.0, 0.0, 0.0)</Position>
                                                               <Axis rotation="(-1.0, 0.5, -1.0)" angle="-10.0"/>
                                                 </Placement>
                                          </MoveRel>
                                   </Transition>
                            </ObjectChange>
                     </TimedActions>
                     <TimedActions seconds-time="0.5">
                            <TimerChange name="E">
                                   <start/>
                            </TimerChange>
                     </TimedActions>
              </Timeline>
              <Timeline name="send_further" start-immediately="false">
                     <TimedActions seconds-time="0.0">
                            <TimerChange name="A">
                                   <stop/>
                            </TimerChange>
                     </TimedActions>
                     <TimedActions seconds-time="0.0">
                            <TimerChange name="B">
                                   <stop/>
                            </TimerChange>
                     </TimedActions>
                     <TimedActions seconds-time="0.0">
                            <TimerChange name="C">
                                   <stop/>
                            </TimerChange>
                     </TimedActions>
                     <TimedActions seconds-time="0.0">
                            <TimerChange name="D">
                                   <stop/>
                            </TimerChange>
                     </TimedActions>
                     <TimedActions seconds-time="0.0">
                            <TimerChange name="E">
                                   <stop/>
                            </TimerChange>
                     </TimedActions>
                     <TimedActions seconds-time="0.0">
                            <ObjectChange name="A">
                                   <Transition duration="1.0">
                                          <MoveRel>
                                                 <Placement>
                                                        <RelativeTo>Center</RelativeTo>
                                                        <Position>(-6.0, 0.0, 6.0)</Position>
                                                 </Placement>
                                          </MoveRel>
                                   </Transition>
                            </ObjectChange>
                     </TimedActions>
                     <TimedActions seconds-time="0.0">
                            <ObjectChange name="B">
                                   <Transition duration="1.0">
                                          <MoveRel>
                                                 <Placement>
                                                        <RelativeTo>Center</RelativeTo>
                                                        <Position>(-6.0, 0.0, -6.0)</Position>
                                                 </Placement>
                                          </MoveRel>
                                   </Transition>
                            </ObjectChange>
                     </TimedActions>
                     <TimedActions seconds-time="0.0">
                            <ObjectChange name="C">
                                   <Transition duration="1.0">
                                          <MoveRel>
                                                 <Placement>
                                                        <RelativeTo>Center</RelativeTo>
                                                        <Position>(6.0, 0.0, -6.0)</Position>
                                                 </Placement>
                                          </MoveRel>
                                   </Transition>
                            </ObjectChange>
                     </TimedActions>
                     <TimedActions seconds-time="0.0">
                            <ObjectChange name="D">
                                   <Transition duration="1.0">
                                          <MoveRel>
                                                 <Placement>
                                                        <RelativeTo>Center</RelativeTo>
                                                        <Position>(6.0, 0.0, 6.0)</Position>
                                                 </Placement>
                                          </MoveRel>
                                   </Transition>
                            </ObjectChange>
                     </TimedActions>
                     <TimedActions seconds-time="0.0">
                            <ObjectChange name="E">
                                   <Transition duration="1.0">
                                          <Movement>
                                                 <Placement>
                                                        <RelativeTo>Center</RelativeTo>
                                                        <Position>(0.0, 1.0, 0.0)</Position>
                                                 </Placement>
                                          </Movement>
                                   </Transition>
                            </ObjectChange>
                     </TimedActions>
              </Timeline>
       </TimelineRoot>
       <PlacementRoot>
              <Placement name="Center">
                     <RelativeTo>Center</RelativeTo>
                     <Position>(0.0, 0.0, 0.0)</Position>
                            <Axis rotation="(0.0, 1.0, 0.0)" angle="0.0"/>
              </Placement>
              <Placement name="FrontWall">
                     <RelativeTo>Center</RelativeTo>
                     <Position>(0.0, 0.0, -4.0)</Position>
                            <LookAt target="(0.0, 0.0, 0.0)" up="(0.0, 1.0, 0.0)"/>
              </Placement>
              <Placement name="LeftWall">
                     <RelativeTo>Center</RelativeTo>
                     <Position>(-4.0, 0.0, 0.0)</Position>
                            <LookAt target="(0.0, 0.0, 0.0)" up="(0.0, 1.0, 0.0)"/>
              </Placement>
              <Placement name="RightWall">
                     <RelativeTo>Center</RelativeTo>
                     <Position>(4.0, 0.0, 0.0)</Position>
                            <LookAt target="(0.0, 0.0, 0.0)" up="(0.0, 1.0, 0.0)"/>
              </Placement>
              <Placement name="FloorWall">
                     <RelativeTo>Center</RelativeTo>
                     <Position>(0.0, -4.0, 0.0)</Position>
                            <LookAt target="(0.0, 0.0, 0.0)" up="(0.0, 0.0, -1.0)"/>
              </Placement>
       </PlacementRoot>
       <SoundRoot>
              <Sound name="A" filename="./ding.wav" autostart="false">
                     <Mode>
                            <Positional/>
                     </Mode>
                     <Repeat>
                            <NoRepeat/>
                     </Repeat>
                     <Settings freq="0.5" volume="1.0" pan="0.0"/>
              </Sound>
              <Sound name="C" filename="./ding.wav" autostart="false">
                     <Mode>
                            <Positional/>
                     </Mode>
                     <Repeat>
                            <NoRepeat/>
                     </Repeat>
                     <Settings freq="0.6" volume="1.0" pan="0.0"/>
              </Sound>
              <Sound name="E" filename="./ding.wav" autostart="false">
                     <Mode>
                            <Positional/>
                     </Mode>
                     <Repeat>
                            <NoRepeat/>
                     </Repeat>
                     <Settings freq=".75" volume="1.0" pan="0.0"/>
              </Sound>
              <Sound name="D" filename="./ding.wav" autostart="false">
                     <Mode>
                            <Positional/>
                     </Mode>
                     <Repeat>
                            <NoRepeat/>
                     </Repeat>
                     <Settings freq="0.6666666666666666" volume="1.0" pan="0.0"/>
              </Sound>
              <Sound name="B" filename="./ding.wav" autostart="false">
                     <Mode>
                            <Positional/>
                     </Mode>
                     <Repeat>
                            <NoRepeat/>
                     </Repeat>
                     <Settings freq="0.5625" volume="1.0" pan="0.0"/>
              </Sound>
       </SoundRoot>
       <Global>
              <CameraPos far-clip="100.0">
                     <Placement>
                            <RelativeTo>Center</RelativeTo>
                            <Position>(0.0, 1.0, 20.0)</Position>
                     </Placement>
              </CameraPos>
              <CaveCameraPos far-clip="100.0">
                     <Placement>
                            <RelativeTo>Center</RelativeTo>
                            <Position>(0.0, 0.0, 0.0)</Position>
                     </Placement>
              </CaveCameraPos>
              <Background color="0, 0, 0"/>
              <WandNavigation allow-rotation="false" allow-movement="true"/>
       </Global>
</Story>