<?xml version="1.0" encoding="UTF-8"?>
<?jaxfront version=2.1;time=2006-12-08 18:33:24.421;xui=caveschema.xui;xsd=caveschema.xsd?>
<Story version="8" last_xpath="/Story/ObjectRoot/Object[5]
">
       <ObjectRoot>
              <Object name="particlesys">
                     <Visible>true</Visible>
                     <Color>255,255,255</Color>
                     <Lighting>false</Lighting>
                     <ClickThrough>false</ClickThrough>
                     <Scale>1.0</Scale>
                     <Placement>
                            <RelativeTo>RightWall</RelativeTo>
                            <Position>(-4.0, 0.0, 0.0)</Position>
                     </Placement>
                     <Content>
                            <ParticleSystem max-particles="500" actions-name="testact" particle-group="particle_group" look-at-camera="true" sequential="false" speed="1.0"/>
                     </Content>
              </Object>
              <Object name="A">
                     <Visible>false</Visible>
                     <Color>255,255,255</Color>
                     <Lighting>false</Lighting>
                     <ClickThrough>false</ClickThrough>
                     <Scale>0.2</Scale>
                     <Placement>
                            <RelativeTo>Center</RelativeTo>
                            <Position>(0.0, 0.0, 0)</Position>
                                   <Axis rotation="(0.0, 1.0, 0.0)" angle="90"/>
                     </Placement>
                     <Content>
                            <Text horiz-align="center" vert-align="center" font="Courier.ttf" depth="0.0">
                                   <text>blizzard</text>
                            </Text>
                     </Content>
              </Object>
              <Object name="B">
                     <Visible>false</Visible>
                     <Color>255,255,255</Color>
                     <Lighting>false</Lighting>
                     <ClickThrough>false</ClickThrough>
                     <Scale>0.2</Scale>
                     <Placement>
                            <RelativeTo>Center</RelativeTo>
                            <Position>(0.0, 0.0, 0)</Position>
                                   <Axis rotation="(0.0, 1.0, 0.0)" angle="90.0"/>
                     </Placement>
                     <Content>
                            <Text horiz-align="center" vert-align="center" font="Courier.ttf" depth="0.0">
                                   <text>text</text>
                            </Text>
                     </Content>
              </Object>
              <Object name="hide">
                     <Visible>true</Visible>
                     <Color>255,255,255</Color>
                     <Lighting>false</Lighting>
                     <ClickThrough>false</ClickThrough>
                     <Scale>1.0</Scale>
                     <Placement>
                            <RelativeTo>Center</RelativeTo>
                            <Position>(1.0, -2.0, 2.0)</Position>
                     </Placement>
                     <Content>
                            <Text horiz-align="center" vert-align="center" font="Courier.ttf" depth="0.0">
                                   <text>hide</text>
                            </Text>
                     </Content>
                     <LinkRoot>
                            <Link>
                                   <Enabled>true</Enabled>
                                   <RemainEnabled>true</RemainEnabled>
                                   <EnabledColor>127,127,127</EnabledColor>
                                   <SelectedColor>255,0,0</SelectedColor>
                                   <Actions>
                                                 <ObjectChange name="particlesys">
                                                        <Transition duration="1.0">
                                                               <Visible>false</Visible>
                                                        </Transition>
                                                 </ObjectChange>
                                          <Clicks>
                                                 <Any/>
                                          </Clicks>
                                   </Actions>
                            </Link>
                     </LinkRoot>
              </Object>
              <Object name="show">
                     <Visible>true</Visible>
                     <Color>255,255,255</Color>
                     <Lighting>false</Lighting>
                     <ClickThrough>false</ClickThrough>
                     <Scale>1.0</Scale>
                     <Placement>
                            <RelativeTo>Center</RelativeTo>
                            <Position>(-1.0, -2.0, 2.0)</Position>
                     </Placement>
                     <Content>
                            <Text horiz-align="center" vert-align="center" font="Courier.ttf" depth="0.0">
                                   <text>show</text>
                            </Text>
                     </Content>
                     <LinkRoot>
                            <Link>
                                   <Enabled>true</Enabled>
                                   <RemainEnabled>true</RemainEnabled>
                                   <EnabledColor>127,127,127</EnabledColor>
                                   <SelectedColor>255,0,0</SelectedColor>
                                   <Actions>
                                                 <ObjectChange name="particlesys">
                                                        <Transition duration="1.0">
                                                               <Visible>true</Visible>
                                                        </Transition>
                                                 </ObjectChange>
                                          <Clicks>
                                                 <Any/>
                                          </Clicks>
                                   </Actions>
                            </Link>
                     </LinkRoot>
              </Object>
       </ObjectRoot>
       <GroupRoot>
              <Group name="particle_group">
                            <Objects name="B"/>
                            <Objects name="A"/>
              </Group>
       </GroupRoot>
       <TimelineRoot>
              <Timeline name="1" start-immediately="true">
                     <TimedActions seconds-time="0.0">
                            <ObjectChange name="A">
                                   <Transition duration="1.0">
                                          <Color>102,204,255</Color>
                                   </Transition>
                            </ObjectChange>
                     </TimedActions>
                     <TimedActions seconds-time="1.0">
                            <ObjectChange name="A">
                                   <Transition duration="1.0">
                                          <Color>0,102,255</Color>
                                   </Transition>
                            </ObjectChange>
                     </TimedActions>
                     <TimedActions seconds-time="2.0">
                            <ObjectChange name="A">
                                   <Transition duration="1.0">
                                          <Color>255,255,255</Color>
                                   </Transition>
                            </ObjectChange>
                     </TimedActions>
                     <TimedActions seconds-time="3.0">
                            <TimerChange name="1">
                                   <start/>
                            </TimerChange>
                     </TimedActions>
              </Timeline>
              <Timeline name="2" start-immediately="true">
                     <TimedActions seconds-time="0.0">
                            <ObjectChange name="B">
                                   <Transition duration="1.0">
                                          <Color>255,255,255</Color>
                                   </Transition>
                            </ObjectChange>
                     </TimedActions>
                     <TimedActions seconds-time="1.0">
                            <ObjectChange name="B">
                                   <Transition duration="1.0">
                                          <Color>204,204,204</Color>
                                   </Transition>
                            </ObjectChange>
                     </TimedActions>
                     <TimedActions seconds-time="2.0">
                            <ObjectChange name="B">
                                   <Transition duration="1.0">
                                          <Color>153,153,255</Color>
                                   </Transition>
                            </ObjectChange>
                     </TimedActions>
                     <TimedActions seconds-time="3.0">
                            <TimerChange name="1">
                                   <start/>
                            </TimerChange>
                     </TimedActions>
              </Timeline>
              <Timeline name="scale1" start-immediately="true">
                     <TimedActions seconds-time="0.0">
                            <ObjectChange name="A">
                                   <Transition duration="2.0">
                                          <Scale>0.5</Scale>
                                   </Transition>
                            </ObjectChange>
                     </TimedActions>
                     <TimedActions seconds-time="2.0">
                            <ObjectChange name="A">
                                   <Transition duration="2.0">
                                          <Scale>0.2</Scale>
                                   </Transition>
                            </ObjectChange>
                     </TimedActions>
                     <TimedActions seconds-time="4.0">
                            <TimerChange name="scale1">
                                   <start/>
                            </TimerChange>
                     </TimedActions>
              </Timeline>
              <Timeline name="scale2" start-immediately="true">
                     <TimedActions seconds-time="0.0">
                            <ObjectChange name="B">
                                   <Transition duration="2.0">
                                          <Scale>0.2</Scale>
                                   </Transition>
                            </ObjectChange>
                     </TimedActions>
                     <TimedActions seconds-time="2.0">
                            <ObjectChange name="B">
                                   <Transition duration="2.0">
                                          <Scale>0.5</Scale>
                                   </Transition>
                            </ObjectChange>
                     </TimedActions>
                     <TimedActions seconds-time="4.0">
                            <TimerChange name="scale2">
                                   <start/>
                            </TimerChange>
                     </TimedActions>
              </Timeline>
       </TimelineRoot>
       <PlacementRoot>
              <Placement name="Center">
                     <RelativeTo>Center</RelativeTo>
                     <Position>(0.0, 0.0, 0.0)</Position>
                            <Axis rotation="(0.0, 1.0, 0.0)" angle="0.0"/>
              </Placement>
              <Placement name="FrontWall">
                     <RelativeTo>Center</RelativeTo>
                     <Position>(0.0, 0.0, -4.0)</Position>
                            <LookAt target="(0.0, 0.0, 0.0)" up="(0.0, 1.0, 0.0)"/>
              </Placement>
              <Placement name="LeftWall">
                     <RelativeTo>Center</RelativeTo>
                     <Position>(-4.0, 0.0, 0.0)</Position>
                            <LookAt target="(0.0, 0.0, 0.0)" up="(0.0, 1.0, 0.0)"/>
              </Placement>
              <Placement name="RightWall">
                     <RelativeTo>Center</RelativeTo>
                     <Position>(4.0, 0.0, 0.0)</Position>
                            <LookAt target="(0.0, 0.0, 0.0)" up="(0.0, 1.0, 0.0)"/>
              </Placement>
              <Placement name="FloorWall">
                     <RelativeTo>Center</RelativeTo>
                     <Position>(0.0, -4.0, 0.0)</Position>
                            <LookAt target="(0.0, 0.0, 0.0)" up="(0.0, 0.0, -1.0)"/>
              </Placement>
       </PlacementRoot>
       <ParticleActionRoot>
              <ParticleActionList name="testact">
                     <Source rate="1">
                            <ParticleDomain>
                                   <Box p1="(-1, -1, 3.8)" p2="(1, 1, 4)"/>
                            </ParticleDomain>
                     </Source>
                     <Vel>
                            <ParticleDomain>
                                   <Line p1="(0, 0, -0.01)" p2="(0, 0, 0)"/>
                            </ParticleDomain>
                     </Vel>
                     <ParticleAction>
                            <Gravity direction="(0, 0, -0.001)"/>
                     </ParticleAction>
                     <RemoveCondition>
                            <Position inside="false">
                                   <ParticleDomain>
                                          <Box p1="(-4, -4, -4)" p2="(4, 4, 4)"/>
                                   </ParticleDomain>
                            </Position>
                     </RemoveCondition>
              </ParticleActionList>
       </ParticleActionRoot>
       <Global>
              <CameraPos>
                     <Placement>
                            <RelativeTo>Center</RelativeTo>
                            <Position>(0.0, 0.0, 6.0)</Position>
                     </Placement>
              </CameraPos>
              <CaveCameraPos>
                     <Placement>
                            <RelativeTo>Center</RelativeTo>
                            <Position>(0.0, 0.0, 0.0)</Position>
                     </Placement>
              </CaveCameraPos>
              <Background color="0, 0, 0"/>
       </Global>
</Story>